<?xml version="1.0" encoding="UTF-8"?>
<stringTable xmlns="http://schemas.microsoft.com/windows/2008/deviceExperienceResources">
    <string id="1">See what's printing</string> 
    <string id="2">View, pause, or cancel your print jobs</string>
    <string id="3">View, pause, or cancel your print jobs</string>
    <string id="4">Customize your printer</string> 
    <string id="5">Change the name, security settings, or other properties</string>
    <string id="6">Change the name, security settings, or other properties</string>
    <string id="7">Adjust print options</string> 
    <string id="8">Change color, layout, or paper settings</string>
    <string id="9">Change color, layout, or paper settings</string>
    <string id="10">Scan a document or picture</string>
    <string id="11">Open the scan dialog</string>
    <string id="12">Open the scan dialog</string>
    <string id="13">Manage scan profiles</string>
    <string id="14">Create collections of frequently-used settings</string>
    <string id="15">Create collections of frequently-used settings</string>
    <string id="16">View scanner properties</string>
    <string id="17">Get information about your device</string>
    <string id="18">Get information about your device</string>
    <string id="19">Browse files</string>
    <string id="20">Use your computer to view files and folders on your device</string>
    <string id="21">Use your computer to view files and folders on your device</string>
</stringTable>
