﻿<?xml version="1.0" encoding="utf-8"?>
<!--
Modifying the settings location templates for an application or a 
Windows setting group provided with Microsoft User Experience Virtualization 
may cause synchronization for the modified settings to fail. 
For more information about settings location templates please see 
the UE-V product documentation.  http://go.microsoft.com/fwlink/?LinkId=260889
-->
<SettingsLocationTemplate xmlns='http://schemas.microsoft.com/UserExperienceVirtualization/2013/SettingsLocationTemplate'>
  <Name>Microsoft Internet Explorer</Name>
  <ID>MicrosoftInternetExplorer</ID>
  <Common>
    <Name>Common Settings</Name>
    <ID>common</ID>
    <Version>2</Version>
    <DeferToMSAccount/>
    <Settings>
      <File>
        <Root>
          <!-- Favorites -->
          <KnownFolder>{1777F761-68AD-4D8A-87BD-30B759FA33DD}</KnownFolder>
        </Root>
        <Path Recursive="true" />
        <FileMask>*.url</FileMask>
      </File>
      <Registry>
        <Path Recursive="true">Software\Microsoft\Windows\CurrentVersion\Explorer\MenuOrder</Path>
      </Registry>
      <Registry>
        <Path Recursive="false">Software\Microsoft\Internet Explorer\Main</Path>
        <Name>Start Page</Name>
      </Registry>
    </Settings>
  </Common>
    
  <Application>
    <Name>Internet Explorer 10</Name>
    <ID>Version10</ID>
    <Version>2</Version>
    <DeferToMSAccount/>
    <Processes>
      <Process>
        <Filename>iexplore.exe</Filename>
        <ProductVersion>
          <Major Minimum="10" Maximum="10" />
          <Minor Minimum="0" Maximum="0" />
        </ProductVersion>
        <FileVersion>
          <Major Minimum="10" Maximum="10" />
          <Minor Minimum="0" Maximum="0" />
        </FileVersion>
      </Process>
    </Processes>
    <Settings>
    </Settings>
  </Application>

  <Application>
    <Name>Internet Explorer 11</Name>
    <ID>Version11</ID>
    <Version>2</Version>
    <DeferToMSAccount/>
    <Processes>
      <Process>
        <Filename>iexplore.exe</Filename>
        <ProductVersion>
          <Major Minimum="11" Maximum="11" />
          <Minor Minimum="0" Maximum="0" />
        </ProductVersion>
        <FileVersion>
          <Major Minimum="11" Maximum="11" />
          <Minor Minimum="0" Maximum="0" />
        </FileVersion>
      </Process>
    </Processes>
    <Settings>
      <Registry>
        <Path Recursive="true">Software\Microsoft\Internet Explorer</Path>
        <Exclude>
          <Name>Start Page</Name>
        </Exclude>
        <Exclude>
          <Path>Approved Extensions</Path>
        </Exclude>
        <Exclude>
          <Path>ApprovedExtensionsMigration</Path>
        </Exclude>
        <Exclude>
          <Path>User Preferences</Path>
        </Exclude>
        <Exclude>
          <Path>User Preferences - Do not modify. Direct modification is a violation of ISV software requirements.</Path>
        </Exclude>
      </Registry>
    </Settings>
  </Application>

</SettingsLocationTemplate>
