<?xml version="1.0" encoding="utf-8"?>
<!--
Modifying the settings location templates for an application or a 
Windows setting group provided with Microsoft User Experience Virtualization 
may cause synchronization for the modified settings to fail. 
For more information about settings location templates please see 
the UE-V product documentation.  http://go.microsoft.com/fwlink/?LinkId=260889
-->
<SettingsLocationTemplate xmlns='http://schemas.microsoft.com/UserExperienceVirtualization/2013A/SettingsLocationTemplate'>
  <Name>Microsoft Outlook 2013 Custom Actions (64-bit)</Name>
  <ID>MicrosoftOutlook2013CAWin64</ID>
  <Version>2</Version>
  <Processes>
    <Process>
      <Filename>OUTLOOK.EXE</Filename>
      <Architecture>Win64</Architecture>
      <ProductVersion>
        <Major Minimum="15" Maximum="15" />
        <Minor Minimum="0" Maximum="0" />
      </ProductVersion>
	  <FileVersion>
        <Major Minimum="15" Maximum="15" />
        <Minor Minimum="0" Maximum="0" />
      </FileVersion>
    </Process>
  </Processes>
  <Settings>
    <Asynchronous>false</Asynchronous>
    <AlwaysApplySettings>true</AlwaysApplySettings>
    <CustomAction>custom://Outlook2013Signatures</CustomAction>
  </Settings>
</SettingsLocationTemplate>
