﻿<?xml version="1.0" encoding="utf-8"?>
<!--
Modifying the settings location templates for an application or a 
Windows setting group provided with Microsoft User Experience Virtualization 
may cause synchronization for the modified settings to fail. 
For more information about settings location templates please see 
the UE-V product documentation.  http://go.microsoft.com/fwlink/?LinkId=260889
-->

<SettingsLocationTemplate xmlns='http://schemas.microsoft.com/UserExperienceVirtualization/2013/SettingsLocationTemplate'>
  <!-- Roaming Credential settings -->
  <Name>Roaming Credential Settings</Name>
  <ID>RoamingCredentialSettings</ID>
  <LocalizedNames>
    <Name Locale='en-us'>Roaming Credential Settings</Name>
    <Name Locale='cs-cz'>Nastavení cestovních přihlašovacích údajů</Name>
    <Name Locale='da-dk'>Indstillinger for roaminglegitimationsoplysninger</Name>
    <Name Locale='de-de'>Einstellungen für servergespeicherte Anmeldeinformationen</Name>
    <Name Locale='el-gr'>Ρυθμίσεις διαπιστευτηρίων περιαγωγής</Name>
    <Name Locale='es-es'>Configuración de credenciales móviles</Name>
    <Name Locale='fi-fi'>Verkkovierailutunnistetietojen asetukset</Name>
    <Name Locale='fr-fr'>Paramètres d’informations d’identification itinerants</Name>
    <Name Locale='hu-hu'>Hordozható hitelesítőadat-beállítások</Name>
    <Name Locale='it-it'>Impostazioni per le credenziali di roaming</Name>
    <Name Locale='ja-jp'>移動資格情報の設定</Name>
    <Name Locale='ko-kr'>로밍 자격 증명 설정</Name>
    <Name Locale='nb-no'>Innstillinger for sentrallegitimasjon</Name>
    <Name Locale='nl-nl'>Referentie-instellingen voor roaming</Name>
    <Name Locale='pl-pl'>Ustawienia poświadczeń mobilnych</Name>
    <Name Locale='pt-br'>Configurações de Credenciais de Roaming</Name>
    <Name Locale='pt-pt'>Definições de Credencial de Roaming</Name>
    <Name Locale='ru-ru'>Параметры перемещаемых учетных данных</Name>
    <Name Locale='sk-sk'>Nastavenia zdieľania poverení</Name>
    <Name Locale='sl-si'>Nastavitve poverilnic za gostovanje</Name>
    <Name Locale='sv-se'>Autentiseringsinställningar för nätverksväxling</Name>
    <Name Locale='tr-tr'>Dolaşım Kimlik Bilgileri Ayarları</Name>
    <Name Locale='zh-cn'>漫游凭据设置</Name>
    <Name Locale='zh-tw'>漫遊認證設定</Name>
  </LocalizedNames>
  <Version>0</Version>
  <DeferToMSAccount/>
  <Processes>
    <ShellProcess/>
  </Processes>

  <Settings>
    <File>
      <Root>
        <EnvironmentVariable>USERPROFILE</EnvironmentVariable>
      </Root>
      <Path Recursive="true">AppData\Roaming\Microsoft\Credentials</Path>
    </File>
    <File>
      <Root>
        <EnvironmentVariable>USERPROFILE</EnvironmentVariable>
      </Root>
      <Path Recursive="true">AppData\Roaming\Microsoft\Crypto</Path>
    </File>
    <File>
      <Root>
        <EnvironmentVariable>USERPROFILE</EnvironmentVariable>
      </Root>
      <Path Recursive="true">AppData\Roaming\Microsoft\Protect</Path>
    </File>
    <File>
      <Root>
        <EnvironmentVariable>USERPROFILE</EnvironmentVariable>
      </Root>
      <Path Recursive="true">AppData\Roaming\Microsoft\SystemCertificates</Path>
    </File>
  </Settings>
</SettingsLocationTemplate>