﻿<?xml version="1.0" encoding="utf-8"?>
<deviceBehavior xmlns="http://schemas.microsoft.com/windows/2008/deviceExperienceBehavior" experienceId="{8702d817-5aad-4674-9ef3-4d3decd87120}">
  <header watermarkAlign="right" backgroundColor="#FFFFFFFF" textColor="#00000000" backgroundImage="background.png" watermarkImage="watermark.png">
  </header>
  <appearance textColor="#FF2E2E2C" descriptionColor="#FF808080" frameColor="#FF666666" backgroundColor="#FFFFFFFF" />
  <statusItems statusPropList="prop:System.Devices.Voicemail;System.Devices.TextMessages;System.Devices.MissedCalls;System.Devices.NewPictures;System.Devices.BatteryPlusCharging;System.Devices.StorageFreeSpacePercent;System.Device.SignalStrength;" statusProvider="{c2dae44d-c850-425c-b466-d8cbc1469f5d}">
    <statusLinks>
      <statusLink statusProp="System.Devices.NewPictures" taskId="{d5c93de7-5ac4-4698-acea-d9a02385cd04}" />
      <statusLink statusProp="System.Devices.StorageFreeSpacePercent" taskId="{29e7ef4e-b212-4bf9-b95b-1e073fba48e8}" />
    </statusLinks>
  </statusItems>
  <taskCategoryMapping>
    <!--Manage your media-->
    <taskRef taskGroupGuid="{07deb856-fc6e-4fb9-8add-d8f2cf8722c9}" taskId="{54e6d7d6-c881-495f-8651-c47a803d2fce}" />
    <!--Copy your pictures and videos-->
    <taskRef taskGroupGuid="{07deb856-fc6e-4fb9-8add-d8f2cf8722c9}" taskId="{d5c93de7-5ac4-4698-acea-d9a02385cd04}" />
    <!--Browse device-->
    <taskRef taskGroupGuid="{07deb856-fc6e-4fb9-8add-d8f2cf8722c9}" taskId="{29e7ef4e-b212-4bf9-b95b-1e073fba48e8}" />
    <!--Change settings-->
    <taskRef taskGroupGuid="{07deb856-fc6e-4fb9-8add-d8f2cf8722c9}" taskId="{c463887e-0db9-46b9-8c73-9de665d0a62b}" />
  </taskCategoryMapping>
</deviceBehavior>
