<?xml version="1.0" encoding="UTF-8"?>
<stringTable xmlns="http://schemas.microsoft.com/windows/2008/deviceExperienceResources">
  <string id="Picture_Task_Name">Import pictures and videos</string>
  <string id="Picture_Task_Description">Transfer pictures and videos from your device to your computer</string>
  <string id="Ringtone_Task_Name">Set ringtones</string>
  <string id="Ringtone_Task_Description">Add, edit, or create ringtones for your mobile phone</string>
  <string id="Manage_Media_Task_Name">Manage media on your device</string>
  <string id="Manage_Media_Task_Description">Add or remove music, pictures, and videos</string>
  <string id="Sync_Task_Name">Set up sync</string>
  <string id="Sync_Task_Description">Sync contacts, calendars, music, and more with your device</string>
  <string id="Browse_Task_Name">Browse files</string>
  <string id="Browse_Task_Description">Use your computer to view files and folders on your device</string>
  <string id="Settings_Task_Name">Change general settings</string>
  <string id="Settings_Task_Description">Change how your device works with Windows</string>
  <string id="Network_Configuration_Task_Name">Configure device for network access</string>
  <string id="Network_Configuration_Description">Using Network Configuration Wizard</string>
</stringTable>
